,KEYWORDS
0,metabolic network modelling
1,engineering physics
2,sparql
3,principal component regression
4,domain knowledge
5,constraint
6,.test
7,knowledge graph embedding
8,covert listening device
9,recall (memory)
10,diffusion map
11,google search
12,military robot
13,sawsdl
14,feature store
15,knowledge-based systems
16,preventive healthcare
17,vickrey–clarke–groves mechanism
18,widening (computer science)
19,lambda function
20,internet area network
21,poltergeist
22,transhuman
23,corruption perceptions index
24,computational learning theory
25,satisfiability
26,enterprise integration
27,alphago
28,agrep
29,antikythera mechanism
30,drools
31,bank of america
32,data preparation
33,cortana
34,pure type system
35,scratch (programming language)
36,spinal cord
37,general relativity
38,nl (complexity)
39,reduction
40,nick bostrom
41,softmax function
42,fog bow
43,design patterns
44,logic of argumentation
45,hca healthcare
46,recursive neural network
47,usb dead drop
